manufacturer,series,model,device_type,status,status_evidence,identifying_markings,source_pdf,source_url,source_sha256,page,quote
PDQ,6300,6300R,rim (wide stile),current,Listed with price in 2026 Price Book,"Model designation ""6300R"" in PDQ literature; price book states UL panic listing. Physical label/logo appearance NOT documented in library.",pdq_docs/PDQ/_catalogs/PDQ_catalogs_price_book_2026_Price_Book.pdf,https://www.pdqlocks.com/hubfs/Website%20Content/Literature/Price%20Lists/PDQ_2026_Price_Book.pdf,6411b1e1a334d92ba13670e6945516ee0802c9da4687636e2a697752c3f1aee3,137,"6300R Rim, Listed to UL305 for Panic"
PDQ,6300,6300RF,"rim, fire-rated (wide stile)",current,Listed with price in 2026 Price Book,"Model designation ""6300RF"" in PDQ literature; price book states UL10C fire listing. Physical label/logo appearance NOT documented in library.",pdq_docs/PDQ/_catalogs/PDQ_catalogs_price_book_2026_Price_Book.pdf,https://www.pdqlocks.com/hubfs/Website%20Content/Literature/Price%20Lists/PDQ_2026_Price_Book.pdf,6411b1e1a334d92ba13670e6945516ee0802c9da4687636e2a697752c3f1aee3,137,"6300RF Rim, Listed to UL10C for Fire"
PDQ,6300,6300V,surface vertical rod (wide stile),current,Listed with price in 2026 Price Book,"Model designation ""6300V"" in PDQ literature; price book states UL panic listing. Physical label/logo appearance NOT documented in library.",pdq_docs/PDQ/_catalogs/PDQ_catalogs_price_book_2026_Price_Book.pdf,https://www.pdqlocks.com/hubfs/Website%20Content/Literature/Price%20Lists/PDQ_2026_Price_Book.pdf,6411b1e1a334d92ba13670e6945516ee0802c9da4687636e2a697752c3f1aee3,140,"6300V Surface vertical rod, Listed to UL305 for Panic"
PDQ,6300,6300VF,"surface vertical rod, fire-rated (wide stile)",current,Listed with price in 2026 Price Book,"Model designation ""6300VF"" in PDQ literature; price book states UL10C fire listing. Physical label/logo appearance NOT documented in library.",pdq_docs/PDQ/_catalogs/PDQ_catalogs_price_book_2026_Price_Book.pdf,https://www.pdqlocks.com/hubfs/Website%20Content/Literature/Price%20Lists/PDQ_2026_Price_Book.pdf,6411b1e1a334d92ba13670e6945516ee0802c9da4687636e2a697752c3f1aee3,140,"6300VF Surface vertical rod, Listed to UL10C for Fire"
PDQ,6300,6300C,concealed vertical rod (wide stile),current,Listed with price in 2026 Price Book,"Model designation ""6300C"" in PDQ literature; price book states UL panic listing. Physical label/logo appearance NOT documented in library.",pdq_docs/PDQ/_catalogs/PDQ_catalogs_price_book_2026_Price_Book.pdf,https://www.pdqlocks.com/hubfs/Website%20Content/Literature/Price%20Lists/PDQ_2026_Price_Book.pdf,6411b1e1a334d92ba13670e6945516ee0802c9da4687636e2a697752c3f1aee3,144,"6300C Concealed vertical rod, Listed to UL305 for Panic"
PDQ,6300,6300CF,"concealed vertical rod, fire-rated (wide stile)",current,Listed with price in 2026 Price Book,"Model designation ""6300CF"" in PDQ literature; price book states UL10C fire listing. Physical label/logo appearance NOT documented in library.",pdq_docs/PDQ/_catalogs/PDQ_catalogs_price_book_2026_Price_Book.pdf,https://www.pdqlocks.com/hubfs/Website%20Content/Literature/Price%20Lists/PDQ_2026_Price_Book.pdf,6411b1e1a334d92ba13670e6945516ee0802c9da4687636e2a697752c3f1aee3,144,"6300CF Concealed vertical rod, Listed to UL10C for Fire"
PDQ,6300,6300M,mortise (wide stile),current,Listed with price in 2026 Price Book,"Model designation ""6300M"" in PDQ literature; price book states UL panic listing. Physical label/logo appearance NOT documented in library.",pdq_docs/PDQ/_catalogs/PDQ_catalogs_price_book_2026_Price_Book.pdf,https://www.pdqlocks.com/hubfs/Website%20Content/Literature/Price%20Lists/PDQ_2026_Price_Book.pdf,6411b1e1a334d92ba13670e6945516ee0802c9da4687636e2a697752c3f1aee3,148,"6300M Mortise wide stile exit, Listed to UL305 for Panic"
PDQ,6300,6300MF,"mortise, fire-rated (wide stile)",current,Listed with price in 2026 Price Book,"Model designation ""6300MF"" in PDQ literature; price book states UL10C fire listing. Physical label/logo appearance NOT documented in library.",pdq_docs/PDQ/_catalogs/PDQ_catalogs_price_book_2026_Price_Book.pdf,https://www.pdqlocks.com/hubfs/Website%20Content/Literature/Price%20Lists/PDQ_2026_Price_Book.pdf,6411b1e1a334d92ba13670e6945516ee0802c9da4687636e2a697752c3f1aee3,148,"6300MF Mortise wide stile exit, Listed to UL10C for Fire"
PDQ,6300,6300D,dummy (non-latching) device,current,Listed with price in 2026 Price Book,"Model designation ""6300D"" in PDQ literature; price book states no UL listing stated. Physical label/logo appearance NOT documented in library.",pdq_docs/PDQ/_catalogs/PDQ_catalogs_price_book_2026_Price_Book.pdf,https://www.pdqlocks.com/hubfs/Website%20Content/Literature/Price%20Lists/PDQ_2026_Price_Book.pdf,6411b1e1a334d92ba13670e6945516ee0802c9da4687636e2a697752c3f1aee3,151,"6300D Dummy, 3’0” door"
PDQ,6400,6400R,rim (narrow stile),current,Listed with price in 2026 Price Book,"Model designation ""6400R"" in PDQ literature; price book states UL panic listing. Physical label/logo appearance NOT documented in library.",pdq_docs/PDQ/_catalogs/PDQ_catalogs_price_book_2026_Price_Book.pdf,https://www.pdqlocks.com/hubfs/Website%20Content/Literature/Price%20Lists/PDQ_2026_Price_Book.pdf,6411b1e1a334d92ba13670e6945516ee0802c9da4687636e2a697752c3f1aee3,137,"6400R Rim, Listed to UL305 for Panic"
PDQ,6400,6400RF,"rim, fire-rated (narrow stile)",current,Listed with price in 2026 Price Book,"Model designation ""6400RF"" in PDQ literature; price book states UL10C fire listing. Physical label/logo appearance NOT documented in library.",pdq_docs/PDQ/_catalogs/PDQ_catalogs_price_book_2026_Price_Book.pdf,https://www.pdqlocks.com/hubfs/Website%20Content/Literature/Price%20Lists/PDQ_2026_Price_Book.pdf,6411b1e1a334d92ba13670e6945516ee0802c9da4687636e2a697752c3f1aee3,137,"6400RF Rim, Listed to UL10C for Fire"
PDQ,6400,6400V,surface vertical rod (narrow stile),current,Listed with price in 2026 Price Book,"Model designation ""6400V"" in PDQ literature; price book states UL panic listing. Physical label/logo appearance NOT documented in library.",pdq_docs/PDQ/_catalogs/PDQ_catalogs_price_book_2026_Price_Book.pdf,https://www.pdqlocks.com/hubfs/Website%20Content/Literature/Price%20Lists/PDQ_2026_Price_Book.pdf,6411b1e1a334d92ba13670e6945516ee0802c9da4687636e2a697752c3f1aee3,141,"6400V Surface vertical rod, Listed to UL305 for Panic"
PDQ,6400,6400VF,"surface vertical rod, fire-rated (narrow stile)",current,Listed with price in 2026 Price Book,"Model designation ""6400VF"" in PDQ literature; price book states UL10C fire listing. Physical label/logo appearance NOT documented in library.",pdq_docs/PDQ/_catalogs/PDQ_catalogs_price_book_2026_Price_Book.pdf,https://www.pdqlocks.com/hubfs/Website%20Content/Literature/Price%20Lists/PDQ_2026_Price_Book.pdf,6411b1e1a334d92ba13670e6945516ee0802c9da4687636e2a697752c3f1aee3,141,"6400VF Surface vertical rod, Listed to UL10C for Fire"
PDQ,6400,6400C,concealed vertical rod (narrow stile),current,Listed with price in 2026 Price Book,"Model designation ""6400C"" in PDQ literature; price book states UL panic listing. Physical label/logo appearance NOT documented in library.",pdq_docs/PDQ/_catalogs/PDQ_catalogs_price_book_2026_Price_Book.pdf,https://www.pdqlocks.com/hubfs/Website%20Content/Literature/Price%20Lists/PDQ_2026_Price_Book.pdf,6411b1e1a334d92ba13670e6945516ee0802c9da4687636e2a697752c3f1aee3,145,6400C Concealed Vertical Rod Narrow Stile Exit Devices
PDQ,6400,6400CF,"concealed vertical rod, fire-rated (narrow stile)",current,Listed with price in 2026 Price Book,"Model designation ""6400CF"" in PDQ literature; price book states UL10C fire listing. Physical label/logo appearance NOT documented in library.",pdq_docs/PDQ/_catalogs/PDQ_catalogs_price_book_2026_Price_Book.pdf,https://www.pdqlocks.com/hubfs/Website%20Content/Literature/Price%20Lists/PDQ_2026_Price_Book.pdf,6411b1e1a334d92ba13670e6945516ee0802c9da4687636e2a697752c3f1aee3,145,"6400CF Concealed vertical rod, Listed to UL10C for Fire"
PDQ,4200,4200R,"rim (wide stile, ANSI type 1)",current,Listed with price in 2026 Price Book,"Model designation ""4200R"" in PDQ literature; price book states UL panic listing. Physical label/logo appearance NOT documented in library.",pdq_docs/PDQ/_catalogs/PDQ_catalogs_price_book_2026_Price_Book.pdf,https://www.pdqlocks.com/hubfs/Website%20Content/Literature/Price%20Lists/PDQ_2026_Price_Book.pdf,6411b1e1a334d92ba13670e6945516ee0802c9da4687636e2a697752c3f1aee3,183,"4200R Rim, UL panic listed, hex key dogging, 3’0” door"
PDQ,4200,4200RA,"rim, 4'0"" door (wide stile)",current,Listed with price in 2026 Price Book,"Model designation ""4200RA"" in PDQ literature; price book states UL panic listing. Physical label/logo appearance NOT documented in library.",pdq_docs/PDQ/_catalogs/PDQ_catalogs_price_book_2026_Price_Book.pdf,https://www.pdqlocks.com/hubfs/Website%20Content/Literature/Price%20Lists/PDQ_2026_Price_Book.pdf,6411b1e1a334d92ba13670e6945516ee0802c9da4687636e2a697752c3f1aee3,183,"4200RA Rim, UL panic listed, hex key dogging, 4’0” door"
PDQ,4200,4200RF,"rim, fire-rated (wide stile)",current,Listed with price in 2026 Price Book,"Model designation ""4200RF"" in PDQ literature; price book states UL10C fire listing. Physical label/logo appearance NOT documented in library.",pdq_docs/PDQ/_catalogs/PDQ_catalogs_price_book_2026_Price_Book.pdf,https://www.pdqlocks.com/hubfs/Website%20Content/Literature/Price%20Lists/PDQ_2026_Price_Book.pdf,6411b1e1a334d92ba13670e6945516ee0802c9da4687636e2a697752c3f1aee3,183,"4200RF Rim, UL fire listed, no dogging, 3’0” door"
PDQ,4200,4200V,"surface vertical rod (wide stile, ANSI type 2)",current,Listed with price in 2026 Price Book,"Model designation ""4200V"" in PDQ literature; price book states UL panic listing. Physical label/logo appearance NOT documented in library.",pdq_docs/PDQ/_catalogs/PDQ_catalogs_price_book_2026_Price_Book.pdf,https://www.pdqlocks.com/hubfs/Website%20Content/Literature/Price%20Lists/PDQ_2026_Price_Book.pdf,6411b1e1a334d92ba13670e6945516ee0802c9da4687636e2a697752c3f1aee3,184,"4200V Surface vertical rod, UL panic listed, hex key dogging, 3’0” door"
PDQ,4200,4200VA,"surface vertical rod, 4'0"" door",current,Listed with price in 2026 Price Book,"Model designation ""4200VA"" in PDQ literature; price book states UL panic listing. Physical label/logo appearance NOT documented in library.",pdq_docs/PDQ/_catalogs/PDQ_catalogs_price_book_2026_Price_Book.pdf,https://www.pdqlocks.com/hubfs/Website%20Content/Literature/Price%20Lists/PDQ_2026_Price_Book.pdf,6411b1e1a334d92ba13670e6945516ee0802c9da4687636e2a697752c3f1aee3,184,"4200VA Surface vertical rod, UL panic listed, hex key dogging, 4’0” door"
PDQ,4200,4200VF,"surface vertical rod, fire-rated",current,Listed with price in 2026 Price Book,"Model designation ""4200VF"" in PDQ literature; price book states UL10C fire listing. Physical label/logo appearance NOT documented in library.",pdq_docs/PDQ/_catalogs/PDQ_catalogs_price_book_2026_Price_Book.pdf,https://www.pdqlocks.com/hubfs/Website%20Content/Literature/Price%20Lists/PDQ_2026_Price_Book.pdf,6411b1e1a334d92ba13670e6945516ee0802c9da4687636e2a697752c3f1aee3,184,"4200VF Surface vertical rod, UL fire listed, no dogging, 3’0” door"
PDQ,6200,6200,unknown (series-level; no device-type variants such as 6200R named in library),discontinued,"PDQ calls 6200 the ""previous generation"" (2026 Price Book); word ""discontinued"" not used; no 6200 price/spec in library","Not documented. Only indirect: 6300 TLA head cover is ""Similar to 6200 Series"" (appearance of 6200 head cover resembles TLA).",pdq_docs/PDQ/_catalogs/PDQ_catalogs_price_book_2026_Price_Book.pdf,https://www.pdqlocks.com/hubfs/Website%20Content/Literature/Price%20Lists/PDQ_2026_Price_Book.pdf,6411b1e1a334d92ba13670e6945516ee0802c9da4687636e2a697752c3f1aee3,155,The TLA head cover can be ordered to make the 6300 device better match the previous generation 6200 devices.
