subject,relation,object,identity_evidence,source_pdf,source_url,page,quote
PDQ HG1 trim (6EWS option),fits,Hager 4500 series exit device,no,pdq_docs/PDQ/_catalogs/PDQ_catalogs_price_book_2026_Price_Book.pdf,https://www.pdqlocks.com/hubfs/Website%20Content/Literature/Price%20Lists/PDQ_2026_Price_Book.pdf,233,HG1 6EWS Trim for Hager 4500 series / PDQ 6200 series
PDQ HG1 trim (6EWS option),fits,PDQ 6200 series exit device,no,pdq_docs/PDQ/_catalogs/PDQ_catalogs_price_book_2026_Price_Book.pdf,https://www.pdqlocks.com/hubfs/Website%20Content/Literature/Price%20Lists/PDQ_2026_Price_Book.pdf,233,HG1 6EWS Trim for Hager 4500 series / PDQ 6200 series
PDQ DK1 trim (6EWS option),fits,Dorma 9300 exit device,no,pdq_docs/PDQ/_catalogs/PDQ_catalogs_price_book_2026_Price_Book.pdf,https://www.pdqlocks.com/hubfs/Website%20Content/Literature/Price%20Lists/PDQ_2026_Price_Book.pdf,233,DK1 6EWS Trim adapted to fit existing Dorma 9300 device
PDQ 6S sectional trim (shipped after March 2022),not_compatible,PDQ 6200 series exit devices,no,pdq_docs/PDQ/_catalogs/PDQ_catalogs_price_book_2026_Price_Book.pdf,https://www.pdqlocks.com/hubfs/Website%20Content/Literature/Price%20Lists/PDQ_2026_Price_Book.pdf,171,Note: 6S Trim shipped after March 2022 is not compatible with 6200 series exit devices. Contact factory for retrofit trim.
PDQ 6S sectional trim (shipped after March 2022),not_compatible,PDQ 6200 series exit devices,no,pdq_docs/PDQ/Exit_Trim_6/PDQ_Exit_Trim_6_cut_sheet_6300_6400_series_trims_architectural_submittal_sheet.pdf,https://www.pdqlocks.com/hubfs/Website%20Content/Product%20Data/Exit%20Devices/Exit%20Trim/6/6300-6400-series-trims-architectural-submittal-sheet.pdf,9,Note: 6S Trim shipped after March 2022 is not compatible with 6200 series exit devices.
PDQ 6300 with TLA head cover,look_alike,PDQ 6200 series (previous generation),no,pdq_docs/PDQ/_catalogs/PDQ_catalogs_price_book_2026_Price_Book.pdf,https://www.pdqlocks.com/hubfs/Website%20Content/Literature/Price%20Lists/PDQ_2026_Price_Book.pdf,155,The TLA head cover can be ordered to make the 6300 device better match the previous generation 6200 devices.
PDQ TLA head cover (6300/6400 option),look_alike,PDQ 6200 series head cover,no,pdq_docs/PDQ/6300/PDQ_6300_cut_sheet_6300r_series_architectural_submittal_sheet.pdf,https://www.pdqlocks.com/hubfs/Website%20Content/Product%20Data/Exit%20Devices/6300/6300R%20-%20RF/6300r-series-architectural-submittal-sheet.pdf,2,TLA Head Cover (Similar to 6200 Series)
PDQ 6300 series,replaces,PDQ 6200 series,no,pdq_docs/PDQ/_catalogs/PDQ_catalogs_price_book_2026_Price_Book.pdf,https://www.pdqlocks.com/hubfs/Website%20Content/Literature/Price%20Lists/PDQ_2026_Price_Book.pdf,155,better match the previous generation 6200 devices
PDQ 6300R,cross_reference,CORBIN ED5200,no,pdq_docs/PDQ/_shared/General/PDQ_shared_General_cross_reference_Quick_Cross_Reference_Guide.pdf,https://www.pdqlocks.com/hubfs/Website%20Content/Literature/Brochures/PDQ%20Quick%20Cross%20Reference%20Guide.pdf,11,CORBIN ED5200 ED5200A ED5400 ED5400A ED5860 ED5860B ED5600 ED5600A
PDQ 6300RF,cross_reference,CORBIN ED5200A,no,pdq_docs/PDQ/_shared/General/PDQ_shared_General_cross_reference_Quick_Cross_Reference_Guide.pdf,https://www.pdqlocks.com/hubfs/Website%20Content/Literature/Brochures/PDQ%20Quick%20Cross%20Reference%20Guide.pdf,11,CORBIN ED5200 ED5200A ED5400 ED5400A ED5860 ED5860B ED5600 ED5600A
PDQ 6300V,cross_reference,CORBIN ED5400,no,pdq_docs/PDQ/_shared/General/PDQ_shared_General_cross_reference_Quick_Cross_Reference_Guide.pdf,https://www.pdqlocks.com/hubfs/Website%20Content/Literature/Brochures/PDQ%20Quick%20Cross%20Reference%20Guide.pdf,11,CORBIN ED5200 ED5200A ED5400 ED5400A ED5860 ED5860B ED5600 ED5600A
PDQ 6300VF,cross_reference,CORBIN ED5400A,no,pdq_docs/PDQ/_shared/General/PDQ_shared_General_cross_reference_Quick_Cross_Reference_Guide.pdf,https://www.pdqlocks.com/hubfs/Website%20Content/Literature/Brochures/PDQ%20Quick%20Cross%20Reference%20Guide.pdf,11,CORBIN ED5200 ED5200A ED5400 ED5400A ED5860 ED5860B ED5600 ED5600A
PDQ 6300C,cross_reference,CORBIN ED5860,no,pdq_docs/PDQ/_shared/General/PDQ_shared_General_cross_reference_Quick_Cross_Reference_Guide.pdf,https://www.pdqlocks.com/hubfs/Website%20Content/Literature/Brochures/PDQ%20Quick%20Cross%20Reference%20Guide.pdf,11,CORBIN ED5200 ED5200A ED5400 ED5400A ED5860 ED5860B ED5600 ED5600A
PDQ 6300CF,cross_reference,CORBIN ED5860B,no,pdq_docs/PDQ/_shared/General/PDQ_shared_General_cross_reference_Quick_Cross_Reference_Guide.pdf,https://www.pdqlocks.com/hubfs/Website%20Content/Literature/Brochures/PDQ%20Quick%20Cross%20Reference%20Guide.pdf,11,CORBIN ED5200 ED5200A ED5400 ED5400A ED5860 ED5860B ED5600 ED5600A
PDQ 6300M,cross_reference,CORBIN ED5600,no,pdq_docs/PDQ/_shared/General/PDQ_shared_General_cross_reference_Quick_Cross_Reference_Guide.pdf,https://www.pdqlocks.com/hubfs/Website%20Content/Literature/Brochures/PDQ%20Quick%20Cross%20Reference%20Guide.pdf,11,CORBIN ED5200 ED5200A ED5400 ED5400A ED5860 ED5860B ED5600 ED5600A
PDQ 6300MF,cross_reference,CORBIN ED5600A,no,pdq_docs/PDQ/_shared/General/PDQ_shared_General_cross_reference_Quick_Cross_Reference_Guide.pdf,https://www.pdqlocks.com/hubfs/Website%20Content/Literature/Brochures/PDQ%20Quick%20Cross%20Reference%20Guide.pdf,11,CORBIN ED5200 ED5200A ED5400 ED5400A ED5860 ED5860B ED5600 ED5600A
PDQ 6300R,cross_reference,DORMA 9300,no,pdq_docs/PDQ/_shared/General/PDQ_shared_General_cross_reference_Quick_Cross_Reference_Guide.pdf,https://www.pdqlocks.com/hubfs/Website%20Content/Literature/Brochures/PDQ%20Quick%20Cross%20Reference%20Guide.pdf,11,DORMA 9300 F9300 9400 F9400 9100 F9100 9500 F9500
PDQ 6300RF,cross_reference,DORMA F9300,no,pdq_docs/PDQ/_shared/General/PDQ_shared_General_cross_reference_Quick_Cross_Reference_Guide.pdf,https://www.pdqlocks.com/hubfs/Website%20Content/Literature/Brochures/PDQ%20Quick%20Cross%20Reference%20Guide.pdf,11,DORMA 9300 F9300 9400 F9400 9100 F9100 9500 F9500
PDQ 6300V,cross_reference,DORMA 9400,no,pdq_docs/PDQ/_shared/General/PDQ_shared_General_cross_reference_Quick_Cross_Reference_Guide.pdf,https://www.pdqlocks.com/hubfs/Website%20Content/Literature/Brochures/PDQ%20Quick%20Cross%20Reference%20Guide.pdf,11,DORMA 9300 F9300 9400 F9400 9100 F9100 9500 F9500
PDQ 6300VF,cross_reference,DORMA F9400,no,pdq_docs/PDQ/_shared/General/PDQ_shared_General_cross_reference_Quick_Cross_Reference_Guide.pdf,https://www.pdqlocks.com/hubfs/Website%20Content/Literature/Brochures/PDQ%20Quick%20Cross%20Reference%20Guide.pdf,11,DORMA 9300 F9300 9400 F9400 9100 F9100 9500 F9500
PDQ 6300C,cross_reference,DORMA 9100,no,pdq_docs/PDQ/_shared/General/PDQ_shared_General_cross_reference_Quick_Cross_Reference_Guide.pdf,https://www.pdqlocks.com/hubfs/Website%20Content/Literature/Brochures/PDQ%20Quick%20Cross%20Reference%20Guide.pdf,11,DORMA 9300 F9300 9400 F9400 9100 F9100 9500 F9500
PDQ 6300CF,cross_reference,DORMA F9100,no,pdq_docs/PDQ/_shared/General/PDQ_shared_General_cross_reference_Quick_Cross_Reference_Guide.pdf,https://www.pdqlocks.com/hubfs/Website%20Content/Literature/Brochures/PDQ%20Quick%20Cross%20Reference%20Guide.pdf,11,DORMA 9300 F9300 9400 F9400 9100 F9100 9500 F9500
PDQ 6300M,cross_reference,DORMA 9500,no,pdq_docs/PDQ/_shared/General/PDQ_shared_General_cross_reference_Quick_Cross_Reference_Guide.pdf,https://www.pdqlocks.com/hubfs/Website%20Content/Literature/Brochures/PDQ%20Quick%20Cross%20Reference%20Guide.pdf,11,DORMA 9300 F9300 9400 F9400 9100 F9100 9500 F9500
PDQ 6300MF,cross_reference,DORMA F9500,no,pdq_docs/PDQ/_shared/General/PDQ_shared_General_cross_reference_Quick_Cross_Reference_Guide.pdf,https://www.pdqlocks.com/hubfs/Website%20Content/Literature/Brochures/PDQ%20Quick%20Cross%20Reference%20Guide.pdf,11,DORMA 9300 F9300 9400 F9400 9100 F9100 9500 F9500
PDQ 6300R,cross_reference,FALCON 25-R,no,pdq_docs/PDQ/_shared/General/PDQ_shared_General_cross_reference_Quick_Cross_Reference_Guide.pdf,https://www.pdqlocks.com/hubfs/Website%20Content/Literature/Brochures/PDQ%20Quick%20Cross%20Reference%20Guide.pdf,11,FALCON 25-R F-25-R 25-V F-25-V 25-C F-25-C 25-M F-25-M
PDQ 6300RF,cross_reference,FALCON F-25-R,no,pdq_docs/PDQ/_shared/General/PDQ_shared_General_cross_reference_Quick_Cross_Reference_Guide.pdf,https://www.pdqlocks.com/hubfs/Website%20Content/Literature/Brochures/PDQ%20Quick%20Cross%20Reference%20Guide.pdf,11,FALCON 25-R F-25-R 25-V F-25-V 25-C F-25-C 25-M F-25-M
PDQ 6300V,cross_reference,FALCON 25-V,no,pdq_docs/PDQ/_shared/General/PDQ_shared_General_cross_reference_Quick_Cross_Reference_Guide.pdf,https://www.pdqlocks.com/hubfs/Website%20Content/Literature/Brochures/PDQ%20Quick%20Cross%20Reference%20Guide.pdf,11,FALCON 25-R F-25-R 25-V F-25-V 25-C F-25-C 25-M F-25-M
PDQ 6300VF,cross_reference,FALCON F-25-V,no,pdq_docs/PDQ/_shared/General/PDQ_shared_General_cross_reference_Quick_Cross_Reference_Guide.pdf,https://www.pdqlocks.com/hubfs/Website%20Content/Literature/Brochures/PDQ%20Quick%20Cross%20Reference%20Guide.pdf,11,FALCON 25-R F-25-R 25-V F-25-V 25-C F-25-C 25-M F-25-M
PDQ 6300C,cross_reference,FALCON 25-C,no,pdq_docs/PDQ/_shared/General/PDQ_shared_General_cross_reference_Quick_Cross_Reference_Guide.pdf,https://www.pdqlocks.com/hubfs/Website%20Content/Literature/Brochures/PDQ%20Quick%20Cross%20Reference%20Guide.pdf,11,FALCON 25-R F-25-R 25-V F-25-V 25-C F-25-C 25-M F-25-M
PDQ 6300CF,cross_reference,FALCON F-25-C,no,pdq_docs/PDQ/_shared/General/PDQ_shared_General_cross_reference_Quick_Cross_Reference_Guide.pdf,https://www.pdqlocks.com/hubfs/Website%20Content/Literature/Brochures/PDQ%20Quick%20Cross%20Reference%20Guide.pdf,11,FALCON 25-R F-25-R 25-V F-25-V 25-C F-25-C 25-M F-25-M
PDQ 6300M,cross_reference,FALCON 25-M,no,pdq_docs/PDQ/_shared/General/PDQ_shared_General_cross_reference_Quick_Cross_Reference_Guide.pdf,https://www.pdqlocks.com/hubfs/Website%20Content/Literature/Brochures/PDQ%20Quick%20Cross%20Reference%20Guide.pdf,11,FALCON 25-R F-25-R 25-V F-25-V 25-C F-25-C 25-M F-25-M
PDQ 6300MF,cross_reference,FALCON F-25-M,no,pdq_docs/PDQ/_shared/General/PDQ_shared_General_cross_reference_Quick_Cross_Reference_Guide.pdf,https://www.pdqlocks.com/hubfs/Website%20Content/Literature/Brochures/PDQ%20Quick%20Cross%20Reference%20Guide.pdf,11,FALCON 25-R F-25-R 25-V F-25-V 25-C F-25-C 25-M F-25-M
PDQ 6300R,cross_reference,SARGENT 8800,no,pdq_docs/PDQ/_shared/General/PDQ_shared_General_cross_reference_Quick_Cross_Reference_Guide.pdf,https://www.pdqlocks.com/hubfs/Website%20Content/Literature/Brochures/PDQ%20Quick%20Cross%20Reference%20Guide.pdf,11,SARGENT® 8800 12-8800 8700 12-8700 8600 12-8600 8900 12-8900
PDQ 6300RF,cross_reference,SARGENT 12-8800,no,pdq_docs/PDQ/_shared/General/PDQ_shared_General_cross_reference_Quick_Cross_Reference_Guide.pdf,https://www.pdqlocks.com/hubfs/Website%20Content/Literature/Brochures/PDQ%20Quick%20Cross%20Reference%20Guide.pdf,11,SARGENT® 8800 12-8800 8700 12-8700 8600 12-8600 8900 12-8900
PDQ 6300V,cross_reference,SARGENT 8700,no,pdq_docs/PDQ/_shared/General/PDQ_shared_General_cross_reference_Quick_Cross_Reference_Guide.pdf,https://www.pdqlocks.com/hubfs/Website%20Content/Literature/Brochures/PDQ%20Quick%20Cross%20Reference%20Guide.pdf,11,SARGENT® 8800 12-8800 8700 12-8700 8600 12-8600 8900 12-8900
PDQ 6300VF,cross_reference,SARGENT 12-8700,no,pdq_docs/PDQ/_shared/General/PDQ_shared_General_cross_reference_Quick_Cross_Reference_Guide.pdf,https://www.pdqlocks.com/hubfs/Website%20Content/Literature/Brochures/PDQ%20Quick%20Cross%20Reference%20Guide.pdf,11,SARGENT® 8800 12-8800 8700 12-8700 8600 12-8600 8900 12-8900
PDQ 6300C,cross_reference,SARGENT 8600,no,pdq_docs/PDQ/_shared/General/PDQ_shared_General_cross_reference_Quick_Cross_Reference_Guide.pdf,https://www.pdqlocks.com/hubfs/Website%20Content/Literature/Brochures/PDQ%20Quick%20Cross%20Reference%20Guide.pdf,11,SARGENT® 8800 12-8800 8700 12-8700 8600 12-8600 8900 12-8900
PDQ 6300CF,cross_reference,SARGENT 12-8600,no,pdq_docs/PDQ/_shared/General/PDQ_shared_General_cross_reference_Quick_Cross_Reference_Guide.pdf,https://www.pdqlocks.com/hubfs/Website%20Content/Literature/Brochures/PDQ%20Quick%20Cross%20Reference%20Guide.pdf,11,SARGENT® 8800 12-8800 8700 12-8700 8600 12-8600 8900 12-8900
PDQ 6300M,cross_reference,SARGENT 8900,no,pdq_docs/PDQ/_shared/General/PDQ_shared_General_cross_reference_Quick_Cross_Reference_Guide.pdf,https://www.pdqlocks.com/hubfs/Website%20Content/Literature/Brochures/PDQ%20Quick%20Cross%20Reference%20Guide.pdf,11,SARGENT® 8800 12-8800 8700 12-8700 8600 12-8600 8900 12-8900
PDQ 6300MF,cross_reference,SARGENT 12-8900,no,pdq_docs/PDQ/_shared/General/PDQ_shared_General_cross_reference_Quick_Cross_Reference_Guide.pdf,https://www.pdqlocks.com/hubfs/Website%20Content/Literature/Brochures/PDQ%20Quick%20Cross%20Reference%20Guide.pdf,11,SARGENT® 8800 12-8800 8700 12-8700 8600 12-8600 8900 12-8900
PDQ 6300R,cross_reference,VON DUPRIN 98/99,no,pdq_docs/PDQ/_shared/General/PDQ_shared_General_cross_reference_Quick_Cross_Reference_Guide.pdf,https://www.pdqlocks.com/hubfs/Website%20Content/Literature/Brochures/PDQ%20Quick%20Cross%20Reference%20Guide.pdf,11,VON DUPRIN 98/99 98/99-F 98/9927 98/9927-F 98/9947 98/9947-F 98/9975 98/9975-F
PDQ 6300RF,cross_reference,VON DUPRIN 98/99-F,no,pdq_docs/PDQ/_shared/General/PDQ_shared_General_cross_reference_Quick_Cross_Reference_Guide.pdf,https://www.pdqlocks.com/hubfs/Website%20Content/Literature/Brochures/PDQ%20Quick%20Cross%20Reference%20Guide.pdf,11,VON DUPRIN 98/99 98/99-F 98/9927 98/9927-F 98/9947 98/9947-F 98/9975 98/9975-F
PDQ 6300V,cross_reference,VON DUPRIN 98/9927,no,pdq_docs/PDQ/_shared/General/PDQ_shared_General_cross_reference_Quick_Cross_Reference_Guide.pdf,https://www.pdqlocks.com/hubfs/Website%20Content/Literature/Brochures/PDQ%20Quick%20Cross%20Reference%20Guide.pdf,11,VON DUPRIN 98/99 98/99-F 98/9927 98/9927-F 98/9947 98/9947-F 98/9975 98/9975-F
PDQ 6300VF,cross_reference,VON DUPRIN 98/9927-F,no,pdq_docs/PDQ/_shared/General/PDQ_shared_General_cross_reference_Quick_Cross_Reference_Guide.pdf,https://www.pdqlocks.com/hubfs/Website%20Content/Literature/Brochures/PDQ%20Quick%20Cross%20Reference%20Guide.pdf,11,VON DUPRIN 98/99 98/99-F 98/9927 98/9927-F 98/9947 98/9947-F 98/9975 98/9975-F
PDQ 6300C,cross_reference,VON DUPRIN 98/9947,no,pdq_docs/PDQ/_shared/General/PDQ_shared_General_cross_reference_Quick_Cross_Reference_Guide.pdf,https://www.pdqlocks.com/hubfs/Website%20Content/Literature/Brochures/PDQ%20Quick%20Cross%20Reference%20Guide.pdf,11,VON DUPRIN 98/99 98/99-F 98/9927 98/9927-F 98/9947 98/9947-F 98/9975 98/9975-F
PDQ 6300CF,cross_reference,VON DUPRIN 98/9947-F,no,pdq_docs/PDQ/_shared/General/PDQ_shared_General_cross_reference_Quick_Cross_Reference_Guide.pdf,https://www.pdqlocks.com/hubfs/Website%20Content/Literature/Brochures/PDQ%20Quick%20Cross%20Reference%20Guide.pdf,11,VON DUPRIN 98/99 98/99-F 98/9927 98/9927-F 98/9947 98/9947-F 98/9975 98/9975-F
PDQ 6300M,cross_reference,VON DUPRIN 98/9975,no,pdq_docs/PDQ/_shared/General/PDQ_shared_General_cross_reference_Quick_Cross_Reference_Guide.pdf,https://www.pdqlocks.com/hubfs/Website%20Content/Literature/Brochures/PDQ%20Quick%20Cross%20Reference%20Guide.pdf,11,VON DUPRIN 98/99 98/99-F 98/9927 98/9927-F 98/9947 98/9947-F 98/9975 98/9975-F
PDQ 6300MF,cross_reference,VON DUPRIN 98/9975-F,no,pdq_docs/PDQ/_shared/General/PDQ_shared_General_cross_reference_Quick_Cross_Reference_Guide.pdf,https://www.pdqlocks.com/hubfs/Website%20Content/Literature/Brochures/PDQ%20Quick%20Cross%20Reference%20Guide.pdf,11,VON DUPRIN 98/99 98/99-F 98/9927 98/9927-F 98/9947 98/9947-F 98/9975 98/9975-F
PDQ 6300R,cross_reference,ACCENTRA (FMR. YALE) 7100,no,pdq_docs/PDQ/_shared/General/PDQ_shared_General_cross_reference_Quick_Cross_Reference_Guide.pdf,https://www.pdqlocks.com/hubfs/Website%20Content/Literature/Brochures/PDQ%20Quick%20Cross%20Reference%20Guide.pdf,11,ACCENTRA (FMR. YALE) 7100 7100F 7110 7110F 7160 7160F 7130 7130F
PDQ 6300RF,cross_reference,ACCENTRA (FMR. YALE) 7100F,no,pdq_docs/PDQ/_shared/General/PDQ_shared_General_cross_reference_Quick_Cross_Reference_Guide.pdf,https://www.pdqlocks.com/hubfs/Website%20Content/Literature/Brochures/PDQ%20Quick%20Cross%20Reference%20Guide.pdf,11,ACCENTRA (FMR. YALE) 7100 7100F 7110 7110F 7160 7160F 7130 7130F
PDQ 6300V,cross_reference,ACCENTRA (FMR. YALE) 7110,no,pdq_docs/PDQ/_shared/General/PDQ_shared_General_cross_reference_Quick_Cross_Reference_Guide.pdf,https://www.pdqlocks.com/hubfs/Website%20Content/Literature/Brochures/PDQ%20Quick%20Cross%20Reference%20Guide.pdf,11,ACCENTRA (FMR. YALE) 7100 7100F 7110 7110F 7160 7160F 7130 7130F
PDQ 6300VF,cross_reference,ACCENTRA (FMR. YALE) 7110F,no,pdq_docs/PDQ/_shared/General/PDQ_shared_General_cross_reference_Quick_Cross_Reference_Guide.pdf,https://www.pdqlocks.com/hubfs/Website%20Content/Literature/Brochures/PDQ%20Quick%20Cross%20Reference%20Guide.pdf,11,ACCENTRA (FMR. YALE) 7100 7100F 7110 7110F 7160 7160F 7130 7130F
PDQ 6300C,cross_reference,ACCENTRA (FMR. YALE) 7160,no,pdq_docs/PDQ/_shared/General/PDQ_shared_General_cross_reference_Quick_Cross_Reference_Guide.pdf,https://www.pdqlocks.com/hubfs/Website%20Content/Literature/Brochures/PDQ%20Quick%20Cross%20Reference%20Guide.pdf,11,ACCENTRA (FMR. YALE) 7100 7100F 7110 7110F 7160 7160F 7130 7130F
PDQ 6300CF,cross_reference,ACCENTRA (FMR. YALE) 7160F,no,pdq_docs/PDQ/_shared/General/PDQ_shared_General_cross_reference_Quick_Cross_Reference_Guide.pdf,https://www.pdqlocks.com/hubfs/Website%20Content/Literature/Brochures/PDQ%20Quick%20Cross%20Reference%20Guide.pdf,11,ACCENTRA (FMR. YALE) 7100 7100F 7110 7110F 7160 7160F 7130 7130F
PDQ 6300M,cross_reference,ACCENTRA (FMR. YALE) 7130,no,pdq_docs/PDQ/_shared/General/PDQ_shared_General_cross_reference_Quick_Cross_Reference_Guide.pdf,https://www.pdqlocks.com/hubfs/Website%20Content/Literature/Brochures/PDQ%20Quick%20Cross%20Reference%20Guide.pdf,11,ACCENTRA (FMR. YALE) 7100 7100F 7110 7110F 7160 7160F 7130 7130F
PDQ 6300MF,cross_reference,ACCENTRA (FMR. YALE) 7130F,no,pdq_docs/PDQ/_shared/General/PDQ_shared_General_cross_reference_Quick_Cross_Reference_Guide.pdf,https://www.pdqlocks.com/hubfs/Website%20Content/Literature/Brochures/PDQ%20Quick%20Cross%20Reference%20Guide.pdf,11,ACCENTRA (FMR. YALE) 7100 7100F 7110 7110F 7160 7160F 7130 7130F
PDQ 6300R,cross_reference,HAGER 4501 RIM,no,pdq_docs/PDQ/_shared/General/PDQ_shared_General_cross_reference_Quick_Cross_Reference_Guide.pdf,https://www.pdqlocks.com/hubfs/Website%20Content/Literature/Brochures/PDQ%20Quick%20Cross%20Reference%20Guide.pdf,11,HAGER 4501 RIM 4501 RIM FR 4501 SVR 4501 SVR FR 4500 CVR 4500 CVR FR 4500 MRT 4500 MRT
PDQ 6300RF,cross_reference,HAGER 4501 RIM FR,no,pdq_docs/PDQ/_shared/General/PDQ_shared_General_cross_reference_Quick_Cross_Reference_Guide.pdf,https://www.pdqlocks.com/hubfs/Website%20Content/Literature/Brochures/PDQ%20Quick%20Cross%20Reference%20Guide.pdf,11,HAGER 4501 RIM 4501 RIM FR 4501 SVR 4501 SVR FR 4500 CVR 4500 CVR FR 4500 MRT 4500 MRT
PDQ 6300V,cross_reference,HAGER 4501 SVR,no,pdq_docs/PDQ/_shared/General/PDQ_shared_General_cross_reference_Quick_Cross_Reference_Guide.pdf,https://www.pdqlocks.com/hubfs/Website%20Content/Literature/Brochures/PDQ%20Quick%20Cross%20Reference%20Guide.pdf,11,HAGER 4501 RIM 4501 RIM FR 4501 SVR 4501 SVR FR 4500 CVR 4500 CVR FR 4500 MRT 4500 MRT
PDQ 6300VF,cross_reference,HAGER 4501 SVR FR,no,pdq_docs/PDQ/_shared/General/PDQ_shared_General_cross_reference_Quick_Cross_Reference_Guide.pdf,https://www.pdqlocks.com/hubfs/Website%20Content/Literature/Brochures/PDQ%20Quick%20Cross%20Reference%20Guide.pdf,11,HAGER 4501 RIM 4501 RIM FR 4501 SVR 4501 SVR FR 4500 CVR 4500 CVR FR 4500 MRT 4500 MRT
PDQ 6300C,cross_reference,HAGER 4500 CVR,no,pdq_docs/PDQ/_shared/General/PDQ_shared_General_cross_reference_Quick_Cross_Reference_Guide.pdf,https://www.pdqlocks.com/hubfs/Website%20Content/Literature/Brochures/PDQ%20Quick%20Cross%20Reference%20Guide.pdf,11,HAGER 4501 RIM 4501 RIM FR 4501 SVR 4501 SVR FR 4500 CVR 4500 CVR FR 4500 MRT 4500 MRT
PDQ 6300CF,cross_reference,HAGER 4500 CVR FR,no,pdq_docs/PDQ/_shared/General/PDQ_shared_General_cross_reference_Quick_Cross_Reference_Guide.pdf,https://www.pdqlocks.com/hubfs/Website%20Content/Literature/Brochures/PDQ%20Quick%20Cross%20Reference%20Guide.pdf,11,HAGER 4501 RIM 4501 RIM FR 4501 SVR 4501 SVR FR 4500 CVR 4500 CVR FR 4500 MRT 4500 MRT
PDQ 6300M,cross_reference,HAGER 4500 MRT,no,pdq_docs/PDQ/_shared/General/PDQ_shared_General_cross_reference_Quick_Cross_Reference_Guide.pdf,https://www.pdqlocks.com/hubfs/Website%20Content/Literature/Brochures/PDQ%20Quick%20Cross%20Reference%20Guide.pdf,11,HAGER 4501 RIM 4501 RIM FR 4501 SVR 4501 SVR FR 4500 CVR 4500 CVR FR 4500 MRT 4500 MRT
PDQ 6300MF,cross_reference,HAGER 4500 MRT,no,pdq_docs/PDQ/_shared/General/PDQ_shared_General_cross_reference_Quick_Cross_Reference_Guide.pdf,https://www.pdqlocks.com/hubfs/Website%20Content/Literature/Brochures/PDQ%20Quick%20Cross%20Reference%20Guide.pdf,11,HAGER 4501 RIM 4501 RIM FR 4501 SVR 4501 SVR FR 4500 CVR 4500 CVR FR 4500 MRT 4500 MRT
PDQ 6400R,cross_reference,CORBIN ED4200,no,pdq_docs/PDQ/_shared/General/PDQ_shared_General_cross_reference_Quick_Cross_Reference_Guide.pdf,https://www.pdqlocks.com/hubfs/Website%20Content/Literature/Brochures/PDQ%20Quick%20Cross%20Reference%20Guide.pdf,11,CORBIN ED4200 ED4200MA ED4400 ED4400MA ED4800 ED4800MA
PDQ 6400RF,cross_reference,CORBIN ED4200MA,no,pdq_docs/PDQ/_shared/General/PDQ_shared_General_cross_reference_Quick_Cross_Reference_Guide.pdf,https://www.pdqlocks.com/hubfs/Website%20Content/Literature/Brochures/PDQ%20Quick%20Cross%20Reference%20Guide.pdf,11,CORBIN ED4200 ED4200MA ED4400 ED4400MA ED4800 ED4800MA
PDQ 6400V,cross_reference,CORBIN ED4400,no,pdq_docs/PDQ/_shared/General/PDQ_shared_General_cross_reference_Quick_Cross_Reference_Guide.pdf,https://www.pdqlocks.com/hubfs/Website%20Content/Literature/Brochures/PDQ%20Quick%20Cross%20Reference%20Guide.pdf,11,CORBIN ED4200 ED4200MA ED4400 ED4400MA ED4800 ED4800MA
PDQ 6400VF,cross_reference,CORBIN ED4400MA,no,pdq_docs/PDQ/_shared/General/PDQ_shared_General_cross_reference_Quick_Cross_Reference_Guide.pdf,https://www.pdqlocks.com/hubfs/Website%20Content/Literature/Brochures/PDQ%20Quick%20Cross%20Reference%20Guide.pdf,11,CORBIN ED4200 ED4200MA ED4400 ED4400MA ED4800 ED4800MA
PDQ 6400C,cross_reference,CORBIN ED4800,no,pdq_docs/PDQ/_shared/General/PDQ_shared_General_cross_reference_Quick_Cross_Reference_Guide.pdf,https://www.pdqlocks.com/hubfs/Website%20Content/Literature/Brochures/PDQ%20Quick%20Cross%20Reference%20Guide.pdf,11,CORBIN ED4200 ED4200MA ED4400 ED4400MA ED4800 ED4800MA
PDQ 6400CF,cross_reference,CORBIN ED4800MA,no,pdq_docs/PDQ/_shared/General/PDQ_shared_General_cross_reference_Quick_Cross_Reference_Guide.pdf,https://www.pdqlocks.com/hubfs/Website%20Content/Literature/Brochures/PDQ%20Quick%20Cross%20Reference%20Guide.pdf,11,CORBIN ED4200 ED4200MA ED4400 ED4400MA ED4800 ED4800MA
PDQ 6400R,cross_reference,DORMA 9700,no,pdq_docs/PDQ/_shared/General/PDQ_shared_General_cross_reference_Quick_Cross_Reference_Guide.pdf,https://www.pdqlocks.com/hubfs/Website%20Content/Literature/Brochures/PDQ%20Quick%20Cross%20Reference%20Guide.pdf,11,DORMA 9700 F9700 9800 F9800 9600 F9600
PDQ 6400RF,cross_reference,DORMA F9700,no,pdq_docs/PDQ/_shared/General/PDQ_shared_General_cross_reference_Quick_Cross_Reference_Guide.pdf,https://www.pdqlocks.com/hubfs/Website%20Content/Literature/Brochures/PDQ%20Quick%20Cross%20Reference%20Guide.pdf,11,DORMA 9700 F9700 9800 F9800 9600 F9600
PDQ 6400V,cross_reference,DORMA 9800,no,pdq_docs/PDQ/_shared/General/PDQ_shared_General_cross_reference_Quick_Cross_Reference_Guide.pdf,https://www.pdqlocks.com/hubfs/Website%20Content/Literature/Brochures/PDQ%20Quick%20Cross%20Reference%20Guide.pdf,11,DORMA 9700 F9700 9800 F9800 9600 F9600
PDQ 6400VF,cross_reference,DORMA F9800,no,pdq_docs/PDQ/_shared/General/PDQ_shared_General_cross_reference_Quick_Cross_Reference_Guide.pdf,https://www.pdqlocks.com/hubfs/Website%20Content/Literature/Brochures/PDQ%20Quick%20Cross%20Reference%20Guide.pdf,11,DORMA 9700 F9700 9800 F9800 9600 F9600
PDQ 6400C,cross_reference,DORMA 9600,no,pdq_docs/PDQ/_shared/General/PDQ_shared_General_cross_reference_Quick_Cross_Reference_Guide.pdf,https://www.pdqlocks.com/hubfs/Website%20Content/Literature/Brochures/PDQ%20Quick%20Cross%20Reference%20Guide.pdf,11,DORMA 9700 F9700 9800 F9800 9600 F9600
PDQ 6400CF,cross_reference,DORMA F9600,no,pdq_docs/PDQ/_shared/General/PDQ_shared_General_cross_reference_Quick_Cross_Reference_Guide.pdf,https://www.pdqlocks.com/hubfs/Website%20Content/Literature/Brochures/PDQ%20Quick%20Cross%20Reference%20Guide.pdf,11,DORMA 9700 F9700 9800 F9800 9600 F9600
PDQ 6400R,cross_reference,FALCON 24-R,no,pdq_docs/PDQ/_shared/General/PDQ_shared_General_cross_reference_Quick_Cross_Reference_Guide.pdf,https://www.pdqlocks.com/hubfs/Website%20Content/Literature/Brochures/PDQ%20Quick%20Cross%20Reference%20Guide.pdf,11,FALCON 24-R F-24-R 24-V F-24-V 24-C F-24-C
PDQ 6400RF,cross_reference,FALCON F-24-R,no,pdq_docs/PDQ/_shared/General/PDQ_shared_General_cross_reference_Quick_Cross_Reference_Guide.pdf,https://www.pdqlocks.com/hubfs/Website%20Content/Literature/Brochures/PDQ%20Quick%20Cross%20Reference%20Guide.pdf,11,FALCON 24-R F-24-R 24-V F-24-V 24-C F-24-C
PDQ 6400V,cross_reference,FALCON 24-V,no,pdq_docs/PDQ/_shared/General/PDQ_shared_General_cross_reference_Quick_Cross_Reference_Guide.pdf,https://www.pdqlocks.com/hubfs/Website%20Content/Literature/Brochures/PDQ%20Quick%20Cross%20Reference%20Guide.pdf,11,FALCON 24-R F-24-R 24-V F-24-V 24-C F-24-C
PDQ 6400VF,cross_reference,FALCON F-24-V,no,pdq_docs/PDQ/_shared/General/PDQ_shared_General_cross_reference_Quick_Cross_Reference_Guide.pdf,https://www.pdqlocks.com/hubfs/Website%20Content/Literature/Brochures/PDQ%20Quick%20Cross%20Reference%20Guide.pdf,11,FALCON 24-R F-24-R 24-V F-24-V 24-C F-24-C
PDQ 6400C,cross_reference,FALCON 24-C,no,pdq_docs/PDQ/_shared/General/PDQ_shared_General_cross_reference_Quick_Cross_Reference_Guide.pdf,https://www.pdqlocks.com/hubfs/Website%20Content/Literature/Brochures/PDQ%20Quick%20Cross%20Reference%20Guide.pdf,11,FALCON 24-R F-24-R 24-V F-24-V 24-C F-24-C
PDQ 6400CF,cross_reference,FALCON F-24-C,no,pdq_docs/PDQ/_shared/General/PDQ_shared_General_cross_reference_Quick_Cross_Reference_Guide.pdf,https://www.pdqlocks.com/hubfs/Website%20Content/Literature/Brochures/PDQ%20Quick%20Cross%20Reference%20Guide.pdf,11,FALCON 24-R F-24-R 24-V F-24-V 24-C F-24-C
PDQ 6400R,cross_reference,SARGENT 8500,no,pdq_docs/PDQ/_shared/General/PDQ_shared_General_cross_reference_Quick_Cross_Reference_Guide.pdf,https://www.pdqlocks.com/hubfs/Website%20Content/Literature/Brochures/PDQ%20Quick%20Cross%20Reference%20Guide.pdf,11,SARGENT® 8500 12-8500 N/A N/A 8400 12-8400
PDQ 6400RF,cross_reference,SARGENT 12-8500,no,pdq_docs/PDQ/_shared/General/PDQ_shared_General_cross_reference_Quick_Cross_Reference_Guide.pdf,https://www.pdqlocks.com/hubfs/Website%20Content/Literature/Brochures/PDQ%20Quick%20Cross%20Reference%20Guide.pdf,11,SARGENT® 8500 12-8500 N/A N/A 8400 12-8400
PDQ 6400C,cross_reference,SARGENT 8400,no,pdq_docs/PDQ/_shared/General/PDQ_shared_General_cross_reference_Quick_Cross_Reference_Guide.pdf,https://www.pdqlocks.com/hubfs/Website%20Content/Literature/Brochures/PDQ%20Quick%20Cross%20Reference%20Guide.pdf,11,SARGENT® 8500 12-8500 N/A N/A 8400 12-8400
PDQ 6400CF,cross_reference,SARGENT 12-8400,no,pdq_docs/PDQ/_shared/General/PDQ_shared_General_cross_reference_Quick_Cross_Reference_Guide.pdf,https://www.pdqlocks.com/hubfs/Website%20Content/Literature/Brochures/PDQ%20Quick%20Cross%20Reference%20Guide.pdf,11,SARGENT® 8500 12-8500 N/A N/A 8400 12-8400
PDQ 6400R,cross_reference,VON DUPRIN 33A/35A,no,pdq_docs/PDQ/_shared/General/PDQ_shared_General_cross_reference_Quick_Cross_Reference_Guide.pdf,https://www.pdqlocks.com/hubfs/Website%20Content/Literature/Brochures/PDQ%20Quick%20Cross%20Reference%20Guide.pdf,11,VON DUPRIN 33A/35A 33A/35A-F 3327A/3527A 3327A/3527A-F 3347A/3547A 3347A/3547A-F
PDQ 6400RF,cross_reference,VON DUPRIN 33A/35A-F,no,pdq_docs/PDQ/_shared/General/PDQ_shared_General_cross_reference_Quick_Cross_Reference_Guide.pdf,https://www.pdqlocks.com/hubfs/Website%20Content/Literature/Brochures/PDQ%20Quick%20Cross%20Reference%20Guide.pdf,11,VON DUPRIN 33A/35A 33A/35A-F 3327A/3527A 3327A/3527A-F 3347A/3547A 3347A/3547A-F
PDQ 6400V,cross_reference,VON DUPRIN 3327A/3527A,no,pdq_docs/PDQ/_shared/General/PDQ_shared_General_cross_reference_Quick_Cross_Reference_Guide.pdf,https://www.pdqlocks.com/hubfs/Website%20Content/Literature/Brochures/PDQ%20Quick%20Cross%20Reference%20Guide.pdf,11,VON DUPRIN 33A/35A 33A/35A-F 3327A/3527A 3327A/3527A-F 3347A/3547A 3347A/3547A-F
PDQ 6400VF,cross_reference,VON DUPRIN 3327A/3527A-F,no,pdq_docs/PDQ/_shared/General/PDQ_shared_General_cross_reference_Quick_Cross_Reference_Guide.pdf,https://www.pdqlocks.com/hubfs/Website%20Content/Literature/Brochures/PDQ%20Quick%20Cross%20Reference%20Guide.pdf,11,VON DUPRIN 33A/35A 33A/35A-F 3327A/3527A 3327A/3527A-F 3347A/3547A 3347A/3547A-F
PDQ 6400C,cross_reference,VON DUPRIN 3347A/3547A,no,pdq_docs/PDQ/_shared/General/PDQ_shared_General_cross_reference_Quick_Cross_Reference_Guide.pdf,https://www.pdqlocks.com/hubfs/Website%20Content/Literature/Brochures/PDQ%20Quick%20Cross%20Reference%20Guide.pdf,11,VON DUPRIN 33A/35A 33A/35A-F 3327A/3527A 3327A/3527A-F 3347A/3547A 3347A/3547A-F
PDQ 6400CF,cross_reference,VON DUPRIN 3347A/3547A-F,no,pdq_docs/PDQ/_shared/General/PDQ_shared_General_cross_reference_Quick_Cross_Reference_Guide.pdf,https://www.pdqlocks.com/hubfs/Website%20Content/Literature/Brochures/PDQ%20Quick%20Cross%20Reference%20Guide.pdf,11,VON DUPRIN 33A/35A 33A/35A-F 3327A/3527A 3327A/3527A-F 3347A/3547A 3347A/3547A-F
PDQ 6400R,cross_reference,ACCENTRA (FMR. YALE) 7200,no,pdq_docs/PDQ/_shared/General/PDQ_shared_General_cross_reference_Quick_Cross_Reference_Guide.pdf,https://www.pdqlocks.com/hubfs/Website%20Content/Literature/Brochures/PDQ%20Quick%20Cross%20Reference%20Guide.pdf,11,ACCENTRA (FMR. YALE) 7200 7200F 7210 7210F 7220 7220F
PDQ 6400RF,cross_reference,ACCENTRA (FMR. YALE) 7200F,no,pdq_docs/PDQ/_shared/General/PDQ_shared_General_cross_reference_Quick_Cross_Reference_Guide.pdf,https://www.pdqlocks.com/hubfs/Website%20Content/Literature/Brochures/PDQ%20Quick%20Cross%20Reference%20Guide.pdf,11,ACCENTRA (FMR. YALE) 7200 7200F 7210 7210F 7220 7220F
PDQ 6400V,cross_reference,ACCENTRA (FMR. YALE) 7210,no,pdq_docs/PDQ/_shared/General/PDQ_shared_General_cross_reference_Quick_Cross_Reference_Guide.pdf,https://www.pdqlocks.com/hubfs/Website%20Content/Literature/Brochures/PDQ%20Quick%20Cross%20Reference%20Guide.pdf,11,ACCENTRA (FMR. YALE) 7200 7200F 7210 7210F 7220 7220F
PDQ 6400VF,cross_reference,ACCENTRA (FMR. YALE) 7210F,no,pdq_docs/PDQ/_shared/General/PDQ_shared_General_cross_reference_Quick_Cross_Reference_Guide.pdf,https://www.pdqlocks.com/hubfs/Website%20Content/Literature/Brochures/PDQ%20Quick%20Cross%20Reference%20Guide.pdf,11,ACCENTRA (FMR. YALE) 7200 7200F 7210 7210F 7220 7220F
PDQ 6400C,cross_reference,ACCENTRA (FMR. YALE) 7220,no,pdq_docs/PDQ/_shared/General/PDQ_shared_General_cross_reference_Quick_Cross_Reference_Guide.pdf,https://www.pdqlocks.com/hubfs/Website%20Content/Literature/Brochures/PDQ%20Quick%20Cross%20Reference%20Guide.pdf,11,ACCENTRA (FMR. YALE) 7200 7200F 7210 7210F 7220 7220F
PDQ 6400CF,cross_reference,ACCENTRA (FMR. YALE) 7220F,no,pdq_docs/PDQ/_shared/General/PDQ_shared_General_cross_reference_Quick_Cross_Reference_Guide.pdf,https://www.pdqlocks.com/hubfs/Website%20Content/Literature/Brochures/PDQ%20Quick%20Cross%20Reference%20Guide.pdf,11,ACCENTRA (FMR. YALE) 7200 7200F 7210 7210F 7220 7220F
PDQ 6400R,cross_reference,HAGER 4601 RIM,no,pdq_docs/PDQ/_shared/General/PDQ_shared_General_cross_reference_Quick_Cross_Reference_Guide.pdf,https://www.pdqlocks.com/hubfs/Website%20Content/Literature/Brochures/PDQ%20Quick%20Cross%20Reference%20Guide.pdf,11,HAGER 4601 RIM 4601 RIM FR 4601 SVR 4601 SVR FR 4601 CVR 4601 CVR FR
PDQ 6400RF,cross_reference,HAGER 4601 RIM FR,no,pdq_docs/PDQ/_shared/General/PDQ_shared_General_cross_reference_Quick_Cross_Reference_Guide.pdf,https://www.pdqlocks.com/hubfs/Website%20Content/Literature/Brochures/PDQ%20Quick%20Cross%20Reference%20Guide.pdf,11,HAGER 4601 RIM 4601 RIM FR 4601 SVR 4601 SVR FR 4601 CVR 4601 CVR FR
PDQ 6400V,cross_reference,HAGER 4601 SVR,no,pdq_docs/PDQ/_shared/General/PDQ_shared_General_cross_reference_Quick_Cross_Reference_Guide.pdf,https://www.pdqlocks.com/hubfs/Website%20Content/Literature/Brochures/PDQ%20Quick%20Cross%20Reference%20Guide.pdf,11,HAGER 4601 RIM 4601 RIM FR 4601 SVR 4601 SVR FR 4601 CVR 4601 CVR FR
PDQ 6400VF,cross_reference,HAGER 4601 SVR FR,no,pdq_docs/PDQ/_shared/General/PDQ_shared_General_cross_reference_Quick_Cross_Reference_Guide.pdf,https://www.pdqlocks.com/hubfs/Website%20Content/Literature/Brochures/PDQ%20Quick%20Cross%20Reference%20Guide.pdf,11,HAGER 4601 RIM 4601 RIM FR 4601 SVR 4601 SVR FR 4601 CVR 4601 CVR FR
PDQ 6400C,cross_reference,HAGER 4601 CVR,no,pdq_docs/PDQ/_shared/General/PDQ_shared_General_cross_reference_Quick_Cross_Reference_Guide.pdf,https://www.pdqlocks.com/hubfs/Website%20Content/Literature/Brochures/PDQ%20Quick%20Cross%20Reference%20Guide.pdf,11,HAGER 4601 RIM 4601 RIM FR 4601 SVR 4601 SVR FR 4601 CVR 4601 CVR FR
PDQ 6400CF,cross_reference,HAGER 4601 CVR FR,no,pdq_docs/PDQ/_shared/General/PDQ_shared_General_cross_reference_Quick_Cross_Reference_Guide.pdf,https://www.pdqlocks.com/hubfs/Website%20Content/Literature/Brochures/PDQ%20Quick%20Cross%20Reference%20Guide.pdf,11,HAGER 4601 RIM 4601 RIM FR 4601 SVR 4601 SVR FR 4601 CVR 4601 CVR FR
PDQ 4200R,cross_reference,CAL ROYAL 2200,no,pdq_docs/PDQ/_shared/General/PDQ_shared_General_cross_reference_Quick_Cross_Reference_Guide.pdf,https://www.pdqlocks.com/hubfs/Website%20Content/Literature/Brochures/PDQ%20Quick%20Cross%20Reference%20Guide.pdf,12,RIM 4200R 2200 ED8200 8300 19 R 4700 Rim 5100 2828 UL520 8300 22 2100
PDQ 4200R,cross_reference,CORBIN/RUSSWIN ED8200,no,pdq_docs/PDQ/_shared/General/PDQ_shared_General_cross_reference_Quick_Cross_Reference_Guide.pdf,https://www.pdqlocks.com/hubfs/Website%20Content/Literature/Brochures/PDQ%20Quick%20Cross%20Reference%20Guide.pdf,12,RIM 4200R 2200 ED8200 8300 19 R 4700 Rim 5100 2828 UL520 8300 22 2100
PDQ 4200R,cross_reference,DORMA 8300,no,pdq_docs/PDQ/_shared/General/PDQ_shared_General_cross_reference_Quick_Cross_Reference_Guide.pdf,https://www.pdqlocks.com/hubfs/Website%20Content/Literature/Brochures/PDQ%20Quick%20Cross%20Reference%20Guide.pdf,12,RIM 4200R 2200 ED8200 8300 19 R 4700 Rim 5100 2828 UL520 8300 22 2100
PDQ 4200R,cross_reference,FALCON 19 R,no,pdq_docs/PDQ/_shared/General/PDQ_shared_General_cross_reference_Quick_Cross_Reference_Guide.pdf,https://www.pdqlocks.com/hubfs/Website%20Content/Literature/Brochures/PDQ%20Quick%20Cross%20Reference%20Guide.pdf,12,RIM 4200R 2200 ED8200 8300 19 R 4700 Rim 5100 2828 UL520 8300 22 2100
PDQ 4200R,cross_reference,HAGER 4700 Rim,no,pdq_docs/PDQ/_shared/General/PDQ_shared_General_cross_reference_Quick_Cross_Reference_Guide.pdf,https://www.pdqlocks.com/hubfs/Website%20Content/Literature/Brochures/PDQ%20Quick%20Cross%20Reference%20Guide.pdf,12,RIM 4200R 2200 ED8200 8300 19 R 4700 Rim 5100 2828 UL520 8300 22 2100
PDQ 4200R,cross_reference,PRECISION 5100,no,pdq_docs/PDQ/_shared/General/PDQ_shared_General_cross_reference_Quick_Cross_Reference_Guide.pdf,https://www.pdqlocks.com/hubfs/Website%20Content/Literature/Brochures/PDQ%20Quick%20Cross%20Reference%20Guide.pdf,12,RIM 4200R 2200 ED8200 8300 19 R 4700 Rim 5100 2828 UL520 8300 22 2100
PDQ 4200R,cross_reference,SARGENT 2828,no,pdq_docs/PDQ/_shared/General/PDQ_shared_General_cross_reference_Quick_Cross_Reference_Guide.pdf,https://www.pdqlocks.com/hubfs/Website%20Content/Literature/Brochures/PDQ%20Quick%20Cross%20Reference%20Guide.pdf,12,RIM 4200R 2200 ED8200 8300 19 R 4700 Rim 5100 2828 UL520 8300 22 2100
PDQ 4200R,cross_reference,S PARKER UL520,no,pdq_docs/PDQ/_shared/General/PDQ_shared_General_cross_reference_Quick_Cross_Reference_Guide.pdf,https://www.pdqlocks.com/hubfs/Website%20Content/Literature/Brochures/PDQ%20Quick%20Cross%20Reference%20Guide.pdf,12,RIM 4200R 2200 ED8200 8300 19 R 4700 Rim 5100 2828 UL520 8300 22 2100
PDQ 4200R,cross_reference,TELL 8300,no,pdq_docs/PDQ/_shared/General/PDQ_shared_General_cross_reference_Quick_Cross_Reference_Guide.pdf,https://www.pdqlocks.com/hubfs/Website%20Content/Literature/Brochures/PDQ%20Quick%20Cross%20Reference%20Guide.pdf,12,RIM 4200R 2200 ED8200 8300 19 R 4700 Rim 5100 2828 UL520 8300 22 2100
PDQ 4200R,cross_reference,VON DUPRIN 22,no,pdq_docs/PDQ/_shared/General/PDQ_shared_General_cross_reference_Quick_Cross_Reference_Guide.pdf,https://www.pdqlocks.com/hubfs/Website%20Content/Literature/Brochures/PDQ%20Quick%20Cross%20Reference%20Guide.pdf,12,RIM 4200R 2200 ED8200 8300 19 R 4700 Rim 5100 2828 UL520 8300 22 2100
PDQ 4200R,cross_reference,ACCENTRA (FMR. YALE) 2100,no,pdq_docs/PDQ/_shared/General/PDQ_shared_General_cross_reference_Quick_Cross_Reference_Guide.pdf,https://www.pdqlocks.com/hubfs/Website%20Content/Literature/Brochures/PDQ%20Quick%20Cross%20Reference%20Guide.pdf,12,RIM 4200R 2200 ED8200 8300 19 R 4700 Rim 5100 2828 UL520 8300 22 2100
PDQ 4200V,cross_reference,CAL ROYAL 2260,no,pdq_docs/PDQ/_shared/General/PDQ_shared_General_cross_reference_Quick_Cross_Reference_Guide.pdf,https://www.pdqlocks.com/hubfs/Website%20Content/Literature/Brochures/PDQ%20Quick%20Cross%20Reference%20Guide.pdf,12,4200V 2260 ED8400 8400 19 V 4700 SVR 5200 2727 520V 8400 2227 2110
PDQ 4200V,cross_reference,CORBIN/RUSSWIN ED8400,no,pdq_docs/PDQ/_shared/General/PDQ_shared_General_cross_reference_Quick_Cross_Reference_Guide.pdf,https://www.pdqlocks.com/hubfs/Website%20Content/Literature/Brochures/PDQ%20Quick%20Cross%20Reference%20Guide.pdf,12,4200V 2260 ED8400 8400 19 V 4700 SVR 5200 2727 520V 8400 2227 2110
PDQ 4200V,cross_reference,DORMA 8400,no,pdq_docs/PDQ/_shared/General/PDQ_shared_General_cross_reference_Quick_Cross_Reference_Guide.pdf,https://www.pdqlocks.com/hubfs/Website%20Content/Literature/Brochures/PDQ%20Quick%20Cross%20Reference%20Guide.pdf,12,4200V 2260 ED8400 8400 19 V 4700 SVR 5200 2727 520V 8400 2227 2110
PDQ 4200V,cross_reference,FALCON 19 V,no,pdq_docs/PDQ/_shared/General/PDQ_shared_General_cross_reference_Quick_Cross_Reference_Guide.pdf,https://www.pdqlocks.com/hubfs/Website%20Content/Literature/Brochures/PDQ%20Quick%20Cross%20Reference%20Guide.pdf,12,4200V 2260 ED8400 8400 19 V 4700 SVR 5200 2727 520V 8400 2227 2110
PDQ 4200V,cross_reference,HAGER 4700 SVR,no,pdq_docs/PDQ/_shared/General/PDQ_shared_General_cross_reference_Quick_Cross_Reference_Guide.pdf,https://www.pdqlocks.com/hubfs/Website%20Content/Literature/Brochures/PDQ%20Quick%20Cross%20Reference%20Guide.pdf,12,4200V 2260 ED8400 8400 19 V 4700 SVR 5200 2727 520V 8400 2227 2110
PDQ 4200V,cross_reference,PRECISION 5200,no,pdq_docs/PDQ/_shared/General/PDQ_shared_General_cross_reference_Quick_Cross_Reference_Guide.pdf,https://www.pdqlocks.com/hubfs/Website%20Content/Literature/Brochures/PDQ%20Quick%20Cross%20Reference%20Guide.pdf,12,4200V 2260 ED8400 8400 19 V 4700 SVR 5200 2727 520V 8400 2227 2110
PDQ 4200V,cross_reference,SARGENT 2727,no,pdq_docs/PDQ/_shared/General/PDQ_shared_General_cross_reference_Quick_Cross_Reference_Guide.pdf,https://www.pdqlocks.com/hubfs/Website%20Content/Literature/Brochures/PDQ%20Quick%20Cross%20Reference%20Guide.pdf,12,4200V 2260 ED8400 8400 19 V 4700 SVR 5200 2727 520V 8400 2227 2110
PDQ 4200V,cross_reference,S PARKER 520V,no,pdq_docs/PDQ/_shared/General/PDQ_shared_General_cross_reference_Quick_Cross_Reference_Guide.pdf,https://www.pdqlocks.com/hubfs/Website%20Content/Literature/Brochures/PDQ%20Quick%20Cross%20Reference%20Guide.pdf,12,4200V 2260 ED8400 8400 19 V 4700 SVR 5200 2727 520V 8400 2227 2110
PDQ 4200V,cross_reference,TELL 8400,no,pdq_docs/PDQ/_shared/General/PDQ_shared_General_cross_reference_Quick_Cross_Reference_Guide.pdf,https://www.pdqlocks.com/hubfs/Website%20Content/Literature/Brochures/PDQ%20Quick%20Cross%20Reference%20Guide.pdf,12,4200V 2260 ED8400 8400 19 V 4700 SVR 5200 2727 520V 8400 2227 2110
PDQ 4200V,cross_reference,VON DUPRIN 2227,no,pdq_docs/PDQ/_shared/General/PDQ_shared_General_cross_reference_Quick_Cross_Reference_Guide.pdf,https://www.pdqlocks.com/hubfs/Website%20Content/Literature/Brochures/PDQ%20Quick%20Cross%20Reference%20Guide.pdf,12,4200V 2260 ED8400 8400 19 V 4700 SVR 5200 2727 520V 8400 2227 2110
PDQ 4200V,cross_reference,ACCENTRA (FMR. YALE) 2110,no,pdq_docs/PDQ/_shared/General/PDQ_shared_General_cross_reference_Quick_Cross_Reference_Guide.pdf,https://www.pdqlocks.com/hubfs/Website%20Content/Literature/Brochures/PDQ%20Quick%20Cross%20Reference%20Guide.pdf,12,4200V 2260 ED8400 8400 19 V 4700 SVR 5200 2727 520V 8400 2227 2110
